Sales;Item Code;Sales USD; GP USD;4/01/2021;11/01/2021;18/01/2021;25/01/2021;1/02/2021;8/02/2021;15/02/2021;22/02/2021;1/03/2021;8/03/2021;15/03/2021;22/03/2021;29/03/2021;5/04/2021;12/04/2021;19/04/2021;26/04/2021;3/05/2021;10/05/2021;17/05/2021;24/05/2021;31/05/2021;7/06/2021;14/06/2021;21/06/2021;28/06/2021;5/07/2021;12/07/2021;19/07/2021;26/07/2021;2/08/2021;9/08/2021;16/08/2021;23/08/2021;30/08/2021;6/09/2021;13/09/2021;20/09/2021;27/09/2021;4/10/2021;11/10/2021;18/10/2021;25/10/2021;1/11/2021;8/11/2021;15/11/2021;22/11/2021;29/11/2021;6/12/2021;13/12/2021;20/12/2021;27/12/2021;3/01/2022;10/01/2022;17/01/2022;24/01/2022;31/01/2022;7/02/2022;14/02/2022;21/02/2022;28/02/2022;7/03/2022;14/03/2022;21/03/2022;28/03/2022;4/04/2022;11/04/2022;18/04/2022;25/04/2022;2/05/2022;9/05/2022;16/05/2022;23/05/2022;30/05/2022;6/06/2022;13/06/2022;20/06/2022;27/06/2022;4/07/2022;11/07/2022;18/07/2022;25/07/2022;1/08/2022;8/08/2022;15/08/2022;22/08/2022;29/08/2022;5/09/2022;12/09/2022;19/09/2022;26/09/2022;3/10/2022;10/10/2022;17/10/2022;24/10/2022;31/10/2022;7/11/2022;14/11/2022;21/11/2022;28/11/2022;5/12/2022;12/12/2022;19/12/2022;26/12/2022;2/01/2023;9/01/2023;16/01/2023;23/01/2023;30/01/2023;6/02/2023;13/02/2023;20/02/2023;27/02/2023;6/03/2023;13/03/2023;20/03/2023;27/03/2023;3/04/2023;10/04/2023;17/04/2023;24/04/2023;1/05/2023;8/05/2023;15/05/2023;22/05/2023;29/05/2023;5/06/2023;12/06/2023;19/06/2023;26/06/2023;3/07/2023;10/07/2023;17/07/2023;24/07/2023;31/07/2023;7/08/2023;14/08/2023;21/08/2023;28/08/2023;4/09/2023;11/09/2023;18/09/2023;25/09/2023;2/10/2023;9/10/2023;16/10/2023;23/10/2023;30/10/2023;6/11/2023;13/11/2023;20/11/2023;27/11/2023;4/12/2023;11/12/2023;18/12/2023;25/12/2023;1/01/2024;8/01/2024;15/01/2024;22/01/2024;29/01/2024;5/02/2024;12/02/2024;19/02/2024;26/02/2024;4/03/2024;11/03/2024;18/03/2024;25/03/2024;1/04/2024;8/04/2024;15/04/2024;22/04/2024;29/04/2024
1;Item 1;2072013.08;848153.22;884;3150;0;4296;0;1336;3444;2054;296;1048;1588;1180;1810;720;1296;2748;1952;444;432;1552;262;1420;656;1336;132;1896;304;956;696;4084;28;844;1368;972;3592;866;1512;430;1992;384;136;868;1128;800;3400;1496;3338;1024;60;538;991;0;799;1148;1134;240;956;1784;1592;1120;364;-200;1180;956;616;88;16;540;1697;0;324;1392;192;920;384;1304;1103;1352;284;364;2583;1553;0;666;499;894;3901;340;692;1114;335;1234;2116;228;2976;628;344;1012;52;1884;108;1220;1568;1132;707;39;724;0;2728;536;0;660;748;1108;516;368;2776;300;132;948;1156;0;-44;1436;100;2481;-228;214;2202;530;0;1498;810;1140;1349;1502;240;360;2146;1744;788;2860;1745;1176;650;1088;1808;1310;666;546;1404;1530;864;1182;1022;-2;700;2184;80;512;472;614;1416;2322;306;1612;576;956;854;80;484;1706;2904;1652
2;item 2;1457547.52;487510.41;716;3400;0;3596;0;2060;1830;1816;1024;1504;988;1236;718;2076;2404;2736;2812;788;448;1104;576;1839;852;1480;324;1952;500;149;826;3180;52;1316;788;2320;4108;129;2032;648;1956;664;0;2249;2432;863;1701;2257;1886;439;500;588;450;0;1076;1036;2240;1028;660;1708;1350;358;703;0;864;1840;1668;664;104;818;2210;80;1008;1476;0;1808;584;913;1961;1605;150;1279;289;2968;100;731;1193;1086;1804;228;685;2096;1059;2136;1456;752;3479;573;579;1888;2113;1638;302;1032;129;904;356;259;2220;0;2234;1236;160;1198;576;884;1108;914;900;0;516;1948;608;0;368;1412;75;3462;-58;-555;2235;756;0;1714;1416;736;1916;1968;192;1036;3490;1400;1108;1996;1690;304;316;1187;1452;1620;981;924;1004;1544;172;668;552;0;446;1943;505;876;1096;596;1134;2838;860;590;991;1142;778;152;364;776;1764;2220
3;Item 3;1420587.1;502635.53;548;2166;5;2902;0;1396;1700;1252;760;1184;768;1272;1308;1048;1620;1528;2656;604;304;656;480;1260;528;1500;252;1768;696;104;340;2208;0;1624;24;1128;3692;298;1316;824;804;768;248;605;1633;800;644;1693;2960;972;736;1980;750;0;204;615;1525;176;596;1656;1408;344;468;384;308;1268;572;584;0;412;1813;0;847;1821;384;660;480;912;933;908;98;368;1180;732;9;672;618;652;1724;420;603;500;867;1152;1248;728;2772;544;344;1040;1073;1368;398;796;132;352;692;160;820;0;2564;908;96;1126;586;390;834;600;560;0;132;1712;1824;600;0;1642;94;2112;-651;-704;1429;336;40;1742;1092;1072;1323;696;386;889;2293;1452;344;2048;1079;186;284;1072;1568;1464;1392;712;564;2552;202;200;307;0;286;1452;96;1712;284;434;1304;2912;444;452;2658;2164;317;100;516;644;1176;1385
4;Item 4;1325760.96;519995.71;1;0;7;1;0;9;6;0;-1;16;0;7;0;0;0;1;15;0;7;3;5;0;2;6;19;3;1;6;5;0;0;4;0;3;0;4;6;0;0;1;2;46;9;2;3;5;8;2;1;12;19;0;4;0;5;3;2;14;8;7;0;3;4;4;2;0;2;1;35;8;11;5;4;1;0;5;2;32;28;19;32;16;0;2;31;1;8;4;0;55;11;9;3;2;26;4;3;2;5;45;5;4;0;0;1;5;39;55;2;9;1;3;4;1;7;7;3;3;2;2;11;3;19;37;3;6;1;51;73;7;3;2;2;12;2;15;12;9;26;25;5;3;3;6;1;1;7;14;0;3;5;24;1;5;0;0;7;2;20;0;1;0;13;67;84;4;5;4;6;1;0;7;7;8
5;Item 5;687728.91;242856.82;4;14;1;43;0;40;6;9;13;25;13;7;15;9;6;72;17;-7;0;15;58;13;16;46;24;9;12;48;0;22;0;13;19;2;5;0;10;0;2;0;0;0;0;0;0;30;20;90;1;0;0;20;30;55;71;45;21;22;25;47;61;3;53;2;44;17;16;0;30;15;8;11;18;2;20;21;-7;10;26;27;42;101;2;53;41;85;12;7;34;44;40;0;56;14;28;28;0;7;21;51;14;17;20;27;4;50;0;36;57;46;4;121;19;8;14;6;18;-57;1;14;29;0;5;60;3;85;18;8;41;136;7;23;26;16;19;29;28;57;56;45;9;52;16;9;15;37;117;70;31;53;8;80;4;19;5;0;46;52;5;0;46;8;73;80;13;42;37;37;11;2;24;34;22;76
6;Item 6;559616.33;211435.56;50;55;14;139;25;60;40;76;49;37;122;174;40;63;165;69;277;103;0;127;7;120;44;55;0;4;-1;0;0;0;0;0;0;-1;0;0;50;0;2;0;53;5;50;20;190;180;80;0;20;0;74;0;82;129;128;11;46;60;-34;52;42;200;65;191;90;96;6;30;626;0;32;84;60;10;2;188;40;78;1;14;77;54;72;138;59;88;89;61;50;41;238;0;28;10;218;188;40;124;2;106;38;190;105;30;0;-1;60;20;60;31;0;43;123;0;80;60;0;0;10;198;162;2;119;409;126;347;4;34;91;148;10;37;100;132;-3;158;32;51;96;100;10;40;58;63;100;39;220;219;147;206;121;224;75;110;37;0;0;181;25;26;77;67;51;123;42;72;122;890;158;0;0;75;286;218
7;Item 7;530735.87;191529.04;4;18;13;3;0;0;2;11;6;21;-6;9;4;0;21;12;7;1;4;9;10;7;13;-3;4;0;6;6;17;0;2;40;0;0;0;0;8;0;5;6;2;11;20;6;5;5;0;0;-4;5;3;0;9;0;12;6;2;22;5;2;13;4;1;6;3;0;1;2;29;16;6;9;22;3;13;8;2;5;19;34;5;20;0;9;25;12;4;0;1;5;59;7;5;0;55;11;2;6;11;8;2;13;6;0;10;11;7;4;17;10;5;18;2;0;6;9;5;0;3;0;19;4;8;3;2;8;2;17;8;5;2;3;6;12;15;5;4;2;14;3;12;6;4;4;1;1;8;13;1;3;6;24;2;6;2;-5;13;1;1;2;7;9;1;4;8;13;4;10;4;0;2;3;8;6
8;Item 8;523941.85;178788.63;7;40;9;47;0;0;14;30;8;7;0;12;20;13;14;10;32;8;0;0;32;0;60;-30;0;0;6;79;0;3;0;1;24;2;3;-4;4;10;5;2;3;13;13;0;21;49;51;0;0;1;0;0;4;25;20;0;0;15;9;88;53;17;32;0;23;2;0;0;0;11;5;52;0;1;21;0;0;22;9;37;25;7;44;17;25;34;4;4;5;31;2;1;50;0;63;4;0;0;0;30;20;65;13;-9;0;34;14;0;17;16;0;0;3;1;4;0;52;8;6;11;12;0;9;9;9;45;21;9;11;0;0;11;15;4;9;1;38;1;30;0;0;3;36;32;3;1;17;16;10;39;26;41;8;22;7;0;37;2;0;4;18;28;0;15;15;23;23;32;28;0;0;15;8;17
9;Item 9;488372.42;200839.51;52;70;13;78;17;34;13;71;0;54;-5;35;85;50;38;96;68;0;30;41;118;3;0;60;25;18;10;67;65;44;0;30;5;7;20;10;66;0;11;0;0;0;50;60;100;100;20;-4;20;0;50;0;122;118;156;30;122;95;-49;17;23;10;90;0;111;54;0;7;0;0;0;8;8;15;0;110;136;0;0;0;0;0;0;70;10;40;92;29;8;19;123;1;70;0;80;69;46;49;1;65;27;90;16;20;24;74;37;7;49;51;16;229;25;0;-180;205;10;-190;30;92;124;50;81;153;80;176;17;15;150;258;0;819;53;82;-27;17;100;59;118;40;0;52;35;0;0;10;60;25;-13;206;40;257;71;38;20;0;0;3;0;0;25;10;3;60;0;65;36;97;10;4;0;64;109;92
10;Item 10;458896.35;110048.04;708;1788;0;400;0;792;100;300;156;3724;872;0;0;0;0;4008;150;3168;0;780;948;384;36;168;99;272;168;0;0;100;0;0;0;0;672;0;2004;-2341;1218;0;156;1684;2880;2412;1716;1104;71;1652;4;156;888;0;3636;480;166;12;72;108;60;96;974;0;1056;184;200;1728;300;624;1146;0;852;400;0;24;36;972;792;756;-65;144;810;84;0;192;576;761;232;425;850;468;1402;0;2408;696;1090;398;348;7176;192;4068;10;684;604;0;108;270;516;0;4920;1572;384;3958;1260;660;168;408;948;-3168;336;528;636;0;0;784;36;7076;99;-36;1512;7178;0;0;100;304;4013;1128;288;1708;1242;2403;504;1247;1579;357;567;1277;3739;2304;1481;1251;49;2663;170;901;409;-10;-1;1589;372;492;648;228;984;5568;288;24;840;84;1008;24;0;1404;684;3996
11;Item 11;345842.88;65203.95;18;352;136;328;128;4;342;556;174;1230;20;8;114;144;169;112;558;0;108;70;36;68;160;0;0;0;0;1;0;0;0;0;0;0;0;0;0;0;0;0;0;0;0;0;0;0;0;0;0;0;84;0;640;80;210;250;230;30;0;0;350;52;180;36;272;210;46;952;590;454;400;852;218;122;81;632;862;430;0;270;270;150;0;430;1634;569;1881;472;18;32;740;100;0;40;100;0;0;0;380;0;600;58;0;300;0;102;180;0;24;1700;1000;200;400;34;1060;2790;656;0;322;0;45;80;0;400;68;440;0;400;2750;710;567;3;0;0;1264;490;2360;3444;1006;780;124;1126;-12;80;300;-20;50;760;1499;480;60;650;0;1;0;600;0;2128;0;919;752;-650;460;195;249;200;620;785;500;100;1910;332;320;1648
12;Item 12;326101.8;129533.78;0;5;0;10;0;13;19;1;0;0;12;4;4;4;0;41;4;5;0;20;0;0;11;0;0;6;13;25;2;1;5;4;3;38;4;9;72;36;6;0;3;9;10;4;11;39;19;21;3;6;0;0;18;10;9;22;6;19;21;26;55;8;20;5;14;7;5;1;1;2;18;9;0;3;2;34;12;4;26;0;15;26;-3;1;7;24;10;-1;8;22;11;0;9;1;25;40;18;19;-2;55;10;47;21;5;8;0;27;28;55;26;3;40;18;11;2;34;34;10;22;4;17;0;0;17;8;78;6;6;31;61;7;13;31;61;-11;18;14;21;24;36;1;48;23;20;17;23;30;39;6;10;16;45;-6;19;5;0;62;14;8;16;40;19;29;93;9;4;35;7;27;0;14;49;12;78
13;Item 13;311164.79;114329.49;42;0;88;40;34;44;20;60;25;41;-12;27;15;8;12;66;25;0;0;13;3;14;20;14;0;4;23;52;53;60;50;0;0;11;10;0;30;24;14;7;19;12;21;20;50;31;14;1;16;40;0;0;20;2;12;39;1;40;44;11;20;10;7;1;0;7;15;5;22;31;26;40;18;7;2;59;0;12;30;0;33;35;0;67;24;45;35;119;31;14;42;8;20;0;82;8;0;15;0;86;0;76;70;0;2;50;0;50;153;44;11;22;54;10;0;18;47;40;6;16;41;3;12;20;16;65;2;0;25;26;8;37;53;24;12;28;11;11;48;37;1;115;6;0;13;66;41;57;9;9;48;141;34;14;4;0;68;47;20;4;40;16;19;126;6;27;21;21;45;0;4;22;4;72
14;Item 14;306168.86;106569.84;64;8;0;10;0;16;0;0;-3;1;17;6;7;0;2;6;13;2;2;8;5;33;2;9;2;11;15;21;0;6;11;34;12;5;3;6;5;0;22;0;0;0;3;0;0;4;24;2;4;0;0;0;38;16;22;13;2;12;3;10;51;1;0;1;17;0;2;2;10;21;6;53;43;2;1;3;1;10;0;5;34;21;1;0;3;12;0;0;7;14;20;2;5;3;25;4;13;7;1;21;0;24;1;0;0;6;14;1;2;18;3;4;15;4;12;25;26;0;2;0;0;0;4;6;1;0;13;1;5;26;0;28;3;11;14;7;35;3;23;22;12;9;20;5;4;22;3;5;11;11;8;4;37;7;16;0;35;14;2;3;13;0;6;16;32;0;18;18;1;0;0;25;8;14
15;Item 15;287652.42;94465.34;224;166;15;91;27;73;68;40;0;148;0;60;162;62;288;81;70;0;0;144;81;51;0;0;0;0;10;0;0;450;0;0;0;257;394;57;342;153;277;0;12;106;157;90;200;258;78;112;0;0;86;0;70;191;64;80;112;104;41;80;52;154;56;128;120;84;0;-84;348;-12;25;307;0;168;52;12;214;104;-1;0;104;152;0;240;70;15;20;168;72;60;23;0;100;64;174;20;45;50;0;8;0;60;96;100;0;152;70;318;37;112;40;71;22;0;0;0;6;21;0;6;66;0;82;102;318;158;20;20;200;211;6;524;6;259;155;141;87;76;107;112;0;184;241;20;88;138;87;549;255;131;119;105;251;15;9;0;0;492;0;0;64;30;60;60;12;54;314;1010;0;0;30;55;536;83
16;Item 16;261675.18;81779.3;0;34;60;20;0;0;15;25;0;31;5;6;0;5;2;11;24;0;6;70;26;-5;14;4;15;10;25;30;2;25;0;17;4;1;2;16;40;0;5;0;2;6;4;4;7;7;40;4;4;11;40;0;3;12;14;22;1;0;7;6;23;0;2;1;10;0;6;1;22;4;5;11;2;2;3;101;10;2;0;14;25;157;0;0;0;0;2;0;0;0;2;0;0;8;0;2;0;0;0;0;0;38;0;2;0;50;8;0;60;65;8;26;28;0;19;11;20;0;6;17;0;0;0;0;11;0;2;4;1;68;0;8;68;34;1;5;9;0;11;15;11;9;19;1;6;10;5;0;25;0;23;28;7;7;4;0;64;6;0;2;13;5;23;27;25;15;32;5;56;2;24;14;16;17
17;Item 17;231056.44;79314.27;45;131;36;35;0;-1;26;55;0;5;0;149;275;29;1;46;17;0;8;0;41;0;2;15;9;35;-2;13;75;10;0;76;0;6;29;11;78;5;15;0;32;29;0;0;101;82;267;-2;0;0;-3;0;4;75;110;48;75;30;37;24;4;25;20;30;67;20;0;15;46;0;60;80;0;0;11;35;114;66;8;42;37;33;0;48;37;25;22;102;0;56;71;522;19;13;92;92;11;0;0;7;0;40;0;0;0;0;0;0;0;31;0;0;142;0;33;133;0;10;0;30;154;5;90;135;136;129;-3;0;37;13;0;5;31;42;52;58;2;0;94;59;0;25;55;9;0;55;52;53;0;26;0;149;77;46;50;0;8;141;14;20;145;0;47;130;32;20;20;288;60;0;0;47;21;99
18;Item 18;219349.95;47830.3;0;0;0;0;0;0;0;0;0;0;0;0;0;0;0;0;0;0;0;0;0;0;0;0;0;0;0;0;0;0;0;0;0;0;0;0;0;0;0;0;0;0;0;0;0;0;0;0;0;0;0;0;0;0;0;0;0;0;0;0;0;0;0;0;0;0;0;0;0;0;0;0;0;0;0;0;0;0;0;0;0;0;0;0;0;0;0;0;0;0;650;0;0;0;0;0;0;1130;70;0;0;0;0;55;0;1808;272;100;0;1500;608;592;360;0;308;1562;1141;0;64;0;2;758;0;448;60;822;0;660;1150;410;100;0;0;300;1500;120;3152;508;50;1780;150;960;0;0;1200;430;80;810;2820;630;120;580;300;0;0;300;0;500;0;2322;610;-490;540;568;200;412;788;40;1050;200;400;306;1086;2360
19;Item 19;196532.3;72890.61;0;2;1;0;0;0;6;2;0;0;5;4;6;27;16;0;2;0;0;0;0;0;0;0;0;0;0;10;0;3;0;0;5;0;5;0;2;0;1;0;22;-1;2;0;0;0;0;0;0;0;0;0;0;0;13;2;0;0;-1;0;0;0;0;0;0;0;3;0;0;0;0;21;0;4;1;2;6;1;0;0;1;5;0;0;0;0;6;0;0;0;0;0;2;0;3;0;0;0;8;0;0;0;0;0;0;0;5;6;10;0;29;0;6;0;0;1;0;0;0;0;0;0;0;43;0;1;0;0;0;0;0;3;22;11;0;0;7;0;1;0;7;1;3;0;0;2;0;2;0;0;38;1;4;0;0;0;0;0;0;0;4;0;0;8;0;0;4;2;1;4;0;4;2;4
20;Item 20;195280.41;77774.55;7;14;0;24;0;0;0;1;6;2;3;0;13;3;8;10;15;0;0;2;1;0;5;10;0;23;5;5;14;0;0;0;11;0;0;2;6;3;12;21;2;2;30;4;10;5;6;1;0;6;4;0;4;2;13;7;1;0;0;0;35;0;7;0;0;55;3;1;0;0;0;0;1;0;3;3;-1;10;-1;0;5;8;0;15;14;20;10;5;0;4;0;0;0;7;9;4;0;10;0;10;4;0;0;0;0;5;9;14;16;9;4;8;4;0;0;13;0;4;8;3;28;0;0;6;1;31;0;4;24;2;2;1;4;57;9;14;2;0;13;24;0;2;0;0;0;10;13;19;3;3;3;22;0;6;2;0;17;14;0;4;21;5;5;31;7;4;14;3;6;2;0;6;16;15
21;Item 21;190733.48;67775.63;17;2;2;0;0;0;1;1;1;-1;4;2;5;1;37;0;13;0;0;8;0;0;6;2;0;1;0;15;4;1;0;5;1;2;4;2;3;3;6;15;4;7;2;15;1;3;0;7;1;5;21;0;0;2;3;1;0;1;3;2;29;2;23;0;3;8;0;4;3;0;4;9;12;0;2;18;3;15;6;6;0;5;0;0;0;13;0;0;0;0;33;0;4;0;2;0;0;0;0;10;0;0;0;0;0;9;15;0;30;10;3;3;7;1;2;14;5;0;2;2;38;0;0;5;-1;6;1;5;5;15;3;6;2;10;0;0;2;7;1;10;1;1;0;1;0;-1;10;1;1;0;0;14;2;3;8;0;1;2;1;5;3;14;0;29;13;12;15;5;20;0;0;2;1;9
22;Item 22;178455.31;61724.6;6;121;0;90;15;0;21;3;0;0;0;51;50;119;30;96;50;24;6;39;27;30;0;21;12;715;48;35;54;12;0;81;6;16;356;12;100;60;18;0;3;114;59;80;54;311;4;176;50;21;27;0;80;0;62;33;26;453;92;24;6;104;3;126;50;20;9;0;108;0;0;108;228;64;6;3;32;34;0;13;82;30;0;384;63;6;12;63;18;77;81;0;56;33;304;0;159;63;0;102;0;0;0;80;0;0;39;285;0;72;0;0;0;411;0;116;0;0;0;12;0;0;0;158;-8;75;30;39;270;132;0;29;43;35;38;206;120;32;131;39;0;150;39;15;0;13;189;240;9;25;15;144;21;33;36;0;3;222;0;0;81;18;60;228;87;522;6;315;63;0;96;21;78;78
23;Item 23;176453.63;53050.26;1;0;0;0;0;1;2;1;0;0;0;0;1;0;0;0;1;0;0;0;0;0;0;0;1;0;0;5;2;0;3;0;0;0;0;1;3;3;0;0;0;0;0;0;1;0;0;0;1;1;0;0;0;0;1;2;0;0;0;0;0;0;2;0;0;5;0;0;1;3;0;0;0;0;1;0;0;3;0;1;0;5;0;1;1;0;1;0;1;0;2;0;2;0;0;2;0;0;2;0;4;1;2;0;0;3;1;0;0;1;0;1;0;2;0;0;1;0;0;2;0;0;0;0;0;1;0;1;0;0;0;1;0;0;2;0;2;0;0;0;1;3;1;1;1;1;1;1;3;1;1;3;3;3;1;0;0;1;1;0;1;0;0;4;5;4;1;1;1;0;1;1;0;2
24;Item 24;165495;29379.49;0;30;0;200;150;200;0;0;100;700;230;0;0;100;20;0;0;0;250;0;-20;0;0;0;0;0;0;800;20;0;0;111;10;0;170;30;0;10;140;0;0;310;300;0;20;160;70;150;69;290;280;0;0;1318;310;400;250;90;10;170;410;0;180;430;1010;270;40;60;412;0;410;330;0;50;470;306;564;130;420;520;380;571;0;750;370;400;600;750;249;200;849;0;0;0;200;0;0;760;540;0;100;0;0;0;0;1910;90;0;0;1700;220;1180;0;0;150;1380;140;0;860;100;33;307;60;320;0;533;0;150;1410;170;267;0;500;520;1010;433;1317;130;870;250;50;860;850;0;490;360;110;900;40;1000;840;180;310;100;167;0;0;70;630;1010;1330;-487;307;13;190;64;410;740;133;0;999;170;100;810
25;Item 25;148606.73;49489.44;0;0;0;0;0;0;1;0;0;0;0;0;0;0;0;0;0;0;0;0;0;0;0;0;0;0;0;0;0;0;0;0;0;0;0;0;0;0;0;0;0;0;0;0;0;0;0;0;0;0;0;0;0;0;0;0;0;0;0;0;18;0;2;0;0;0;0;0;0;0;0;0;0;0;0;0;0;0;0;0;0;30;0;0;0;0;0;0;0;0;0;0;0;0;0;0;15;0;0;0;0;0;0;0;0;0;0;0;0;72;1;0;0;0;0;1;0;0;0;0;0;0;0;0;0;6;0;0;0;0;2;0;0;2;0;12;0;2;0;7;0;2;0;0;0;2;7;9;1;7;0;12;2;0;0;0;7;9;0;0;3;3;6;10;0;0;0;6;0;0;0;6;0;10
26;Item 26;139190.52;45338.23;0;12;24;159;55;0;20;162;57;120;-60;84;150;111;15;120;24;0;3;42;24;6;0;42;54;33;0;49;0;0;0;0;0;0;2;102;76;0;0;0;0;0;0;120;0;120;0;0;0;0;0;0;0;0;0;0;0;141;0;0;83;0;115;0;0;0;0;0;27;0;0;0;0;0;99;37;84;321;2;24;19;170;36;24;55;66;42;66;17;24;122;0;0;117;97;88;0;360;48;402;24;141;48;160;24;0;21;0;371;201;0;0;27;0;0;0;-8;0;0;21;0;20;0;177;84;15;0;129;69;390;21;0;42;132;732;173;45;148;100;46;0;544;5;33;-5;15;171;186;0;0;282;0;109;0;0;12;0;180;22;0;15;0;42;345;0;0;324;607;27;0;0;0;45;204
27;Item 27;173795.18;69129.95;0;0;0;0;0;0;0;0;0;0;0;0;0;0;0;0;0;0;0;0;2;0;0;0;0;0;0;0;0;0;0;0;1;0;0;1;0;0;0;0;0;0;1;0;3;0;0;0;0;0;0;0;0;0;0;0;0;1;0;0;0;0;0;0;0;0;0;0;0;0;0;0;0;0;0;1;0;0;0;0;0;0;0;0;0;0;0;0;0;0;1;0;0;1;0;0;1;0;0;0;0;0;1;0;0;0;0;0;0;2;0;0;0;0;0;0;1;0;0;0;0;0;0;0;0;0;0;0;0;0;0;0;2;0;2;0;0;0;0;0;0;0;0;0;0;1;0;1;0;0;0;0;0;0;0;0;0;5;1;1;2;0;0;0;0;0;0;1;0;0;0;1;0;2
28;Item 28;122599.29;49640.6;0;0;0;0;0;4;0;8;2;0;0;0;5;8;0;7;5;0;0;2;3;0;0;0;0;6;6;0;0;0;0;0;13;3;3;1;4;0;0;0;2;2;5;2;7;4;12;1;9;0;3;0;2;0;1;0;0;0;0;0;10;0;0;0;0;0;3;4;4;13;0;0;0;0;0;0;0;0;0;0;0;0;0;0;9;11;2;0;0;7;5;0;0;0;22;0;13;8;2;12;0;0;0;0;0;0;5;14;16;18;11;12;5;0;20;0;5;4;0;0;1;0;4;0;8;13;0;22;12;3;4;0;6;22;2;5;0;6;5;11;0;8;7;0;3;21;12;22;3;0;5;22;2;6;0;0;8;-12;0;42;39;0;6;25;0;8;13;0;10;0;0;0;0;10
29;Item 29;121161.88;47642.69;0;0;0;0;0;0;0;0;0;0;0;0;0;0;0;0;0;0;0;0;0;0;0;0;0;0;0;0;0;0;0;0;0;0;0;0;0;0;0;0;0;0;0;0;0;0;0;0;0;0;0;0;0;0;0;0;0;0;0;0;0;0;0;0;0;0;0;0;0;0;0;0;0;0;0;0;0;10;2;0;0;0;0;0;0;0;0;0;0;16;12;0;0;0;0;0;15;0;0;0;0;0;20;0;0;0;0;0;0;6;1;0;0;0;0;1;0;0;0;0;0;0;0;0;0;0;0;4;2;0;2;0;0;0;0;6;0;0;1;5;0;3;0;0;0;1;10;9;22;3;0;9;4;0;0;0;1;5;0;0;7;0;2;10;0;3;0;6;1;0;3;5;1;10
30;Item 30;119973.57;37164.69;0;3;9;91;0;0;30;50;0;121;6;0;150;18;9;24;0;0;0;21;9;18;0;6;0;24;0;3;63;63;0;57;3;42;0;90;39;6;37;48;3;27;0;0;0;108;0;0;0;0;0;0;0;80;2;0;0;116;0;33;87;0;66;0;0;0;0;0;1;0;3;0;0;0;0;77;48;1;18;6;37;110;26;25;78;174;65;-19;81;135;223;6;5;117;30;73;46;54;34;102;-8;50;14;60;88;0;15;0;0;201;0;59;3;0;0;30;60;0;0;0;102;20;-10;61;71;15;75;504;378;555;3;-4;111;65;96;51;21;30;72;9;-58;93;234;30;7;60;143;71;75;59;24;54;52;117;30;0;2;163;78;3;173;100;48;109;60;28;18;93;72;0;182;127;137;162
31;Item 31;118646.05;41423.62;21;0;0;0;0;0;0;0;0;10;-5;0;0;0;0;0;3;0;0;15;0;0;0;0;0;0;0;0;0;0;0;0;0;0;0;0;0;0;0;0;0;0;6;0;-6;5;22;0;0;0;0;0;0;0;40;0;0;30;0;0;60;0;0;0;0;0;0;0;24;0;0;0;0;12;5;39;10;10;0;0;16;0;10;0;0;0;4;0;0;0;0;0;0;10;65;0;0;0;0;0;0;65;0;0;0;0;0;0;0;9;0;15;9;0;4;6;0;0;0;140;0;0;17;18;5;0;0;0;0;0;0;1;0;0;30;2;0;0;25;0;9;40;0;15;0;0;43;12;10;0;0;30;9;16;6;0;0;0;0;0;0;24;0;36;0;48;0;4;13;0;0;10;0;26
32;Item 32;117824.65;48618.78;6;0;2;0;0;0;0;0;48;10;-14;40;-1;0;0;8;0;0;0;0;3;2;0;0;0;0;0;0;0;0;0;0;0;0;0;0;0;0;0;0;0;0;32;2;0;1;37;6;5;0;-1;0;0;0;0;0;0;2;9;2;18;0;8;7;0;18;30;1;0;20;3;8;0;3;0;0;37;10;6;-1;0;0;0;0;0;0;0;0;0;0;1;0;0;0;11;0;0;20;26;20;0;6;1;1;1;0;11;24;25;2;2;11;1;0;1;7;2;25;0;11;2;1;1;6;0;3;0;-1;3;2;0;1;1;1;3;5;0;0;10;12;0;1;0;0;1;4;33;29;0;6;18;3;6;1;15;0;0;0;0;0;0;0;8;19;0;3;0;-3;5;0;0;26;1;13
33;Item 33;113113.52;37000.3;0;0;1;2;0;1;2;3;0;0;0;0;0;0;0;0;1;0;0;0;0;0;0;0;2;0;0;1;0;0;0;0;0;0;0;0;1;3;0;0;0;0;1;0;3;0;0;0;0;0;0;0;0;0;0;1;1;0;0;0;1;0;0;0;0;1;1;0;0;0;0;0;1;0;0;1;0;1;0;0;0;4;0;0;0;0;0;1;0;3;3;0;1;0;1;0;0;0;0;1;0;0;0;0;0;0;0;0;0;2;0;0;0;0;0;0;0;0;0;0;0;1;0;0;1;0;0;0;0;1;1;0;0;1;3;1;0;0;0;0;1;2;0;2;1;0;1;2;2;0;4;1;0;-2;3;0;0;-3;2;0;7;0;0;1;4;4;3;1;2;0;0;1;1;1
34;Item 34;106607.22;32913.63;5;34;9;26;1;32;2;15;20;5;0;12;13;20;41;0;12;0;5;1;1;4;0;4;0;0;0;8;16;0;0;0;0;11;1;2;53;20;20;0;0;27;30;0;13;51;10;7;0;28;10;0;0;35;14;8;8;7;0;9;7;0;15;1;5;2;0;1;5;0;3;19;0;2;11;16;19;26;0;13;8;32;0;61;20;68;17;12;0;3;15;0;2;0;0;3;0;0;0;2;0;10;0;0;0;0;0;20;20;1;0;0;3;0;0;0;0;0;0;3;1;0;0;0;0;30;0;5;50;7;0;3;4;0;-4;0;2;0;9;25;1;5;5;0;0;7;59;3;3;22;0;54;0;7;0;0;7;0;1;6;11;0;0;30;2;33;-4;6;11;0;0;7;4;58
35;Item 35;102638.29;16798.97;0;0;0;0;38;0;0;0;0;0;0;0;0;0;0;0;0;0;21;0;0;0;0;0;0;0;0;0;0;0;0;0;0;0;0;0;0;0;0;0;0;0;0;0;0;0;0;0;0;0;0;40;0;17;0;0;0;0;0;0;0;0;0;0;0;0;0;0;0;0;0;0;0;0;0;57;0;0;1;39;0;0;0;17;0;0;100;0;0;0;0;0;0;17;0;0;17;0;68;0;0;0;0;0;0;0;0;0;0;136;0;0;40;0;1;20;128;0;0;0;0;0;0;0;0;0;0;0;0;0;0;0;68;0;68;0;50;0;0;17;0;0;0;34;0;0;0;0;0;0;0;34;0;0;0;0;0;68;0;0;34;0;0;0;0;0;0;0;0;0;0;0;0;0
36;Item 36;102063.76;7338.26;0;0;0;0;0;0;0;0;0;0;0;0;0;0;0;0;0;0;0;0;0;0;0;0;0;0;0;0;0;0;0;0;0;0;0;0;0;0;0;0;0;0;0;0;0;0;0;0;0;0;0;0;0;0;0;0;0;0;0;0;0;0;0;0;0;0;0;0;0;0;0;0;0;0;0;0;0;0;0;0;0;0;0;0;0;0;0;0;0;0;0;0;0;0;0;0;0;0;0;0;0;0;0;0;0;0;0;0;0;0;0;0;0;0;0;0;0;0;0;0;0;0;0;0;0;0;0;0;0;0;620;0;0;0;0;0;0;0;62;0;0;10;0;0;0;0;0;0;0;0;0;0;0;0;0;0;0;0;0;0;0;0;0;0;31;0;0;0;0;0;0;0;0;0
37;Item 37;93493.5;10893.68;0;0;0;0;0;0;0;0;0;0;0;0;2;0;0;0;2;0;0;34;34;0;0;0;0;0;0;0;0;0;0;0;0;0;0;0;0;0;0;0;0;0;0;0;0;0;0;0;0;80;-40;0;0;0;0;0;0;17;0;0;17;0;0;0;0;0;0;0;0;0;0;0;17;0;0;17;0;0;0;0;0;2;0;0;0;20;0;0;0;0;17;0;0;17;40;0;17;0;17;0;0;0;0;0;17;0;0;0;0;0;0;0;0;0;34;17;67;128;0;0;0;0;0;0;0;0;494;373;0;0;0;34;0;0;0;0;100;0;0;0;0;0;34;0;0;17;0;17;0;10;0;0;0;0;178;0;0;17;17;0;34;0;0;0;0;0;0;27;0;0;0;17;0;32
38;Item 38;110099.88;43809.54;3;0;0;0;0;0;0;0;0;0;0;0;0;0;0;0;1;0;0;0;0;0;0;0;0;0;0;0;0;2;0;0;0;3;1;0;0;1;1;0;0;0;2;0;0;0;0;0;0;0;0;0;0;0;0;0;0;0;0;0;0;0;0;0;0;0;0;0;1;0;0;0;1;0;0;0;0;0;0;2;0;0;0;0;0;0;0;1;0;1;0;1;1;0;1;0;2;1;4;1;0;0;0;0;0;0;0;0;0;0;0;0;0;1;0;3;0;0;0;0;0;0;3;2;-1;1;0;0;0;1;0;0;1;0;0;0;0;0;0;1;1;0;1;2;0;0;0;1;2;2;0;0;0;0;1;0;0;3;2;0;2;0;0;0;0;1;0;1;0;1;2;0;0;1
39;Item 39;90861.79;21446.93;72;260;64;128;0;104;74;58;0;72;24;72;172;104;8;80;40;16;0;72;40;0;16;72;48;176;96;98;0;61;0;40;0;0;104;159;278;0;46;39;32;128;104;0;193;120;0;80;0;0;0;0;0;0;0;0;0;106;24;0;8;2;160;56;368;0;0;48;64;0;24;8;0;0;2;162;368;0;-50;32;170;74;0;0;4;144;20;8;66;48;192;16;124;64;112;112;16;88;16;77;232;144;72;0;0;23;72;8;40;430;13;74;36;0;0;4;64;0;16;520;243;20;12;137;80;32;-1;38;47;127;0;64;153;159;219;249;111;49;76;72;-64;43;353;32;23;85;40;139;292;28;168;76;49;60;101;0;38;160;24;8;136;0;152;72;216;8;24;168;192;16;96;265;324;272
40;Item 40;90750;14423.7;0;0;0;0;0;0;0;0;0;0;0;0;0;0;0;0;0;0;0;0;0;0;0;0;0;0;0;0;0;0;0;0;0;0;0;0;0;0;0;0;0;0;0;0;0;0;0;0;0;0;0;0;0;0;0;0;0;0;0;0;0;0;0;0;0;0;0;0;0;0;0;0;0;0;0;0;0;0;0;0;0;0;0;0;0;0;0;0;0;0;0;0;0;0;0;0;0;0;0;0;0;0;0;0;0;0;0;0;0;0;0;0;0;0;0;0;0;0;0;0;0;0;0;0;0;0;0;0;0;0;0;0;0;0;0;0;0;0;0;0;0;0;0;0;0;204;0;0;0;0;1006;0;0;0;0;0;0;0;0;0;0;0;0;0;0;0;0;0;0;0;0;0;0;0
41;Item 41;78352.17;28118.61;0;0;0;0;0;0;3;1;2;1;0;2;0;0;0;0;1;0;1;0;2;1;0;0;0;0;0;3;0;0;0;0;0;1;2;7;1;3;9;0;0;0;0;0;3;1;0;0;0;0;0;0;0;0;0;1;0;0;0;0;0;0;2;0;0;1;0;0;1;1;0;0;0;0;2;1;0;0;0;1;0;0;0;1;1;0;2;1;0;0;2;1;0;1;0;0;1;1;3;0;0;1;1;0;0;1;0;0;2;3;1;0;0;0;0;1;1;0;0;0;0;0;0;0;2;1;0;0;0;1;0;0;0;2;1;0;0;0;0;0;0;3;1;3;0;0;0;0;1;0;0;3;0;2;0;0;1;0;0;0;3;0;2;2;5;3;3;1;1;0;1;2;2;1
42;Item 42;76797.8;31205.44;27;0;0;0;2;1;0;0;0;0;0;0;0;0;0;0;0;0;58;50;15;0;0;0;1;2;0;0;0;0;0;50;0;0;0;0;0;0;4;0;0;0;0;0;0;0;0;0;25;0;0;25;0;2;0;0;0;50;0;0;0;0;0;0;100;100;0;0;0;2;0;6;10;52;9;30;4;0;0;12;0;0;0;100;0;50;0;0;0;0;30;0;20;0;0;0;0;0;54;0;0;25;0;0;0;113;0;0;40;70;5;0;0;0;0;1;0;0;0;0;10;0;0;30;0;40;0;36;0;0;0;0;0;10;26;29;40;10;20;0;0;15;0;0;0;45;0;70;0;2;15;0;2;43;0;0;20;0;0;0;11;20;0;50;0;60;0;-30;18;0;0;12;0;10
43;Item 43;76652.54;24123.74;22;2;0;0;0;0;0;13;0;18;-9;6;0;0;1;11;1;0;0;1;0;0;10;-4;0;0;0;20;0;0;0;5;14;0;0;1;5;0;0;0;0;0;11;0;0;0;42;0;0;0;0;0;4;0;0;3;4;2;1;3;1;0;7;0;1;0;0;0;1;1;0;2;19;2;0;20;0;0;0;0;0;12;0;0;65;6;2;0;0;0;2;0;0;0;14;0;0;5;0;10;0;0;0;0;0;4;1;14;26;24;4;10;7;6;1;9;0;0;0;1;8;0;3;27;9;12;6;0;10;21;6;0;2;35;7;16;13;12;7;26;6;6;16;0;9;22;10;5;0;0;0;12;0;2;0;0;8;22;0;25;5;0;5;25;2;8;16;0;7;0;0;5;0;15
44;Item 44;100487.13;57214.34;1;0;0;0;0;0;0;0;0;0;0;0;0;0;0;0;1;0;1;0;0;0;0;0;0;0;0;0;0;0;0;0;0;0;0;0;0;0;0;0;0;0;0;0;2;0;0;0;0;1;0;0;0;1;0;0;0;0;0;0;1;0;0;1;0;0;0;0;0;0;0;0;0;0;0;0;0;0;0;0;0;0;0;0;0;0;0;0;0;0;0;0;0;0;0;0;0;0;0;0;0;0;1;0;1;0;0;0;0;0;0;0;0;0;0;0;0;0;1;0;0;0;0;0;0;0;0;0;0;0;0;1;0;1;0;0;0;0;0;0;0;0;0;0;0;0;0;0;0;0;0;1;0;0;0;0;0;0;1;0;1;0;0;0;0;0;0;1;1;0;0;0;0;1
45;Item 45;72973.44;25752.51;0;0;0;0;0;0;0;0;3168;0;-1584;0;0;0;3600;0;0;0;0;0;4500;5976;0;0;0;8592;0;0;0;0;0;204;0;0;0;0;0;1500;0;0;0;0;0;0;0;0;0;0;0;3000;0;0;0;1500;1584;0;0;0;0;0;0;0;0;0;0;0;3000;0;10116;4500;0;0;0;-1500;0;0;1584;0;0;0;0;2376;0;0;0;0;0;0;0;120;4008;0;0;0;0;0;0;0;0;0;0;0;0;0;0;0;0;0;0;0;0;0;120;0;0;0;0;996;0;0;0;0;0;0;0;0;0;0;0;0;0;3204;0;0;0;0;0;0;108;0;0;0;2004;0;0;0;0;0;0;0;0;0;0;0;1440;0;0;0;0;0;0;0;2400;0;0;0;0;0;0;0;0;108;0;1500
46;Item 46;70815.03;35353.25;0;0;0;0;0;0;0;0;0;0;0;0;0;0;0;0;1;0;0;1;0;0;0;0;0;0;0;0;0;3;0;0;0;1;0;0;0;0;0;0;0;0;0;0;0;1;0;0;0;0;0;0;0;0;0;0;0;0;0;0;0;0;1;0;0;0;0;1;1;0;0;1;0;0;0;1;0;0;0;3;0;0;0;0;0;0;0;0;0;1;0;0;1;0;0;0;0;0;0;0;0;0;0;0;0;0;0;1;0;0;0;1;0;0;0;1;0;0;3;0;3;0;0;0;0;0;0;0;0;0;0;0;0;0;0;0;1;0;0;0;0;0;0;0;0;0;0;2;1;0;0;0;1;0;0;0;0;0;0;0;0;0;0;2;0;0;0;0;0;0;0;0;0;1
47;Item 47;69899.04;16804.97;0;0;0;0;0;1224;0;0;0;0;0;0;0;0;0;168;0;0;0;0;240;768;0;0;0;0;432;0;0;0;0;0;0;0;0;0;0;312;0;0;0;384;0;0;0;0;0;0;0;0;0;0;0;288;0;0;0;0;0;0;0;0;0;0;0;0;0;0;0;0;264;0;0;0;0;288;0;0;0;0;0;0;0;0;0;0;0;0;0;0;0;0;240;0;0;80;0;0;96;0;0;0;0;0;0;0;40;0;408;336;240;0;0;0;0;0;0;0;0;192;0;0;0;180;0;1444;0;0;104;0;0;0;0;0;48;48;0;0;0;0;312;648;0;0;0;0;48;5040;200;2016;96;0;0;0;0;0;0;144;0;0;0;384;48;0;240;96;0;144;0;0;456;0;48;16
48;Item 48;68240.6;21509.06;0;0;0;0;0;0;0;0;0;0;0;0;0;0;0;0;0;0;0;0;0;0;0;0;0;0;0;0;0;0;0;0;0;0;0;0;0;0;0;0;0;0;0;0;0;0;0;0;0;0;0;0;0;0;0;0;0;0;0;0;0;0;0;0;0;0;0;0;0;0;0;0;0;20;0;0;0;0;40;0;60;40;0;0;0;-56;4;20;0;36;0;0;0;180;60;80;0;20;0;0;0;0;0;0;0;0;0;0;0;0;0;0;0;0;0;190;50;0;0;40;120;0;0;40;0;12;0;0;0;0;24;0;0;0;24;0;0;0;0;0;0;120;0;0;0;6;200;0;134;0;540;200;0;0;0;0;0;0;60;20;140;0;70;120;234;244;280;40;0;0;100;80;60;112
49;Item 49;66894.34;20616.74;0;140;100;240;0;360;0;474;0;260;-120;0;200;60;20;416;130;300;0;0;40;20;0;20;0;0;0;20;40;60;0;80;0;100;40;20;40;120;20;0;34;120;20;80;78;160;0;80;0;20;120;0;0;60;0;0;0;300;0;0;300;0;0;0;0;0;0;0;40;0;600;224;120;0;100;308;-150;40;0;0;80;450;0;0;24;80;0;0;80;20;20;0;270;0;120;0;60;240;0;420;40;60;120;0;60;0;80;0;240;300;60;40;300;100;80;40;30;0;20;0;80;0;0;100;0;820;0;20;26;74;0;0;0;246;114;20;0;0;60;20;100;160;170;70;26;94;190;380;110;25;40;240;0;50;172;0;5;52;0;20;40;0;240;480;20;60;110;177;63;20;0;152;20;240
50;Item 50;111213.31;42302.08;5;0;0;1;0;0;0;0;1;0;0;0;0;1;0;0;0;0;0;2;0;2;0;0;0;0;0;1;1;0;0;1;0;0;2;0;3;2;0;0;0;0;0;0;3;0;0;1;0;0;0;0;1;0;0;0;6;0;0;3;0;0;1;0;0;0;0;0;0;0;0;0;0;0;1;1;0;1;0;2;0;0;0;4;0;2;0;0;0;1;0;0;0;1;1;1;0;2;4;1;0;2;2;0;0;3;0;0;0;0;1;1;0;1;0;0;2;0;0;0;1;0;0;1;2;0;0;0;1;2;0;0;1;0;0;0;0;1;1;0;2;0;-1;0;0;0;0;2;3;0;0;0;0;0;2;0;0;0;0;0;1;0;0;0;0;0;0;1;1;0;0;0;1;1
51;Item 51;63757.66;19902.81;0;0;2;6;0;30;6;1;0;15;-3;7;0;34;0;21;1;0;0;0;0;0;0;8;0;7;0;0;34;4;0;0;0;8;0;2;50;0;2;0;0;10;30;16;10;23;36;3;0;8;16;0;16;2;4;0;14;15;0;12;8;0;15;0;2;0;0;0;2;0;0;7;0;0;0;5;34;5;-12;1;12;32;0;51;14;3;0;0;15;11;25;0;25;0;8;18;12;7;8;10;2;3;14;0;0;4;2;24;2;7;1;18;5;6;0;3;4;1;-10;4;8;5;0;16;6;24;0;9;24;3;2;5;4;7;4;7;7;2;11;22;0;16;15;0;0;7;23;7;0;6;0;36;0;2;9;0;3;0;4;2;37;0;0;33;0;0;0;10;10;0;0;21;24;58
52;Item 52;60707.59;21562.53;0;0;0;0;0;0;0;0;0;0;0;0;0;0;0;0;0;0;0;0;0;0;0;0;0;0;0;0;0;0;0;0;0;0;0;0;0;0;0;0;0;0;0;0;0;0;0;0;0;0;0;0;0;0;0;0;0;0;0;0;0;0;0;0;21;0;0;0;4;0;0;0;0;0;0;0;0;0;0;0;2;0;3;0;0;0;0;0;0;0;0;0;0;0;0;0;0;0;0;0;0;0;40;0;0;0;0;2;0;0;0;0;0;1;0;0;0;0;0;0;0;0;0;0;0;0;0;0;0;0;0;0;0;6;0;0;0;0;0;0;0;6;0;0;1;0;0;0;0;0;0;20;0;0;16;0;7;0;0;2;0;0;0;0;2;2;0;0;0;2;0;0;0;0
53;Item 53;60548;26437.37;0;0;0;0;0;0;0;0;0;0;0;0;0;0;0;0;0;0;0;0;0;0;0;0;0;0;0;0;0;0;0;0;0;0;0;0;0;0;0;0;0;0;0;0;0;0;0;0;0;0;0;0;0;0;0;0;0;0;0;0;0;0;0;0;0;0;0;0;0;0;0;0;0;0;0;0;0;0;0;0;0;0;0;0;0;0;0;0;0;0;0;0;0;0;0;0;0;0;0;0;0;0;0;0;0;0;0;0;0;0;0;0;0;0;0;0;0;0;0;0;0;0;4;0;0;0;0;0;0;0;0;0;0;0;0;0;0;0;0;0;0;0;0;0;0;0;0;0;0;0;0;0;0;0;0;0;0;0;0;0;0;0;0;0;0;0;0;0;0;0;0;0;0;0
54;Item 54;58642.8;21019.04;0;0;0;0;0;1840;0;0;0;0;0;0;0;0;0;0;0;0;0;0;240;240;0;0;0;0;400;0;0;400;0;600;0;0;0;0;0;120;0;0;0;0;0;0;0;0;0;160;0;0;0;0;0;0;0;0;0;0;0;0;0;0;0;0;0;0;0;0;0;0;480;0;0;0;0;520;0;0;0;0;0;0;0;0;0;0;0;0;0;0;0;0;0;0;0;0;0;0;0;0;0;0;0;0;0;0;0;0;1000;320;0;0;0;0;0;0;0;0;0;0;40;0;0;120;0;2480;0;-520;520;0;0;40;0;0;0;0;0;0;0;0;0;1000;0;0;0;0;0;4000;400;0;240;0;0;0;0;0;0;40;80;0;0;160;0;0;400;120;320;360;0;0;640;0;280;80
55;Item 55;58233.6;22109.62;0;0;0;0;0;0;0;0;768;0;-384;0;0;0;504;0;0;0;0;0;800;384;0;0;0;2188;0;0;0;0;0;204;0;0;0;0;0;304;0;0;0;0;0;0;0;0;0;0;0;504;0;0;0;256;384;0;0;0;0;0;0;0;0;0;0;0;640;0;4568;504;0;0;0;0;0;0;384;0;0;0;0;1152;0;0;0;0;0;0;0;112;464;0;0;0;0;0;0;0;0;0;0;0;0;0;0;0;0;0;0;0;0;0;104;0;0;0;0;800;0;0;0;0;0;0;0;0;0;0;0;0;0;1344;0;0;0;0;0;0;104;0;0;0;1000;0;0;0;104;0;0;0;0;0;0;0;0;0;0;0;0;0;0;0;0;0;0;0;0;0;0;0;0;104;0;240
56;Item 56;57920.45;30657.15;0;0;0;0;0;0;0;0;0;0;0;0;0;0;0;0;0;0;0;0;0;0;0;0;0;0;0;0;0;0;0;0;0;0;0;0;0;0;0;0;0;0;0;0;0;0;0;0;0;1;-1;1;0;0;0;0;0;0;0;0;0;0;0;0;0;0;0;0;0;0;0;0;0;0;0;1;0;0;0;0;0;0;0;0;0;0;0;0;0;0;0;0;0;0;0;0;0;0;0;0;0;0;1;0;0;0;0;0;0;0;0;0;0;0;0;0;1;0;0;0;0;0;0;0;0;0;0;0;1;0;0;0;0;0;0;0;0;0;0;0;0;0;0;0;0;0;0;0;0;0;0;0;0;0;0;0;0;0;0;0;0;0;0;0;0;0;0;0;0;0;0;0;0;0
57;Item 57;57308.71;31955.28;0;0;0;0;0;0;0;0;0;0;0;3;0;0;0;0;0;0;0;0;0;0;1;0;0;0;1;1;0;0;0;0;0;0;1;0;1;0;0;0;0;0;0;0;0;0;0;0;0;1;0;0;0;0;0;0;0;0;0;0;0;0;0;0;4;0;0;0;0;0;0;0;0;0;0;0;0;0;0;0;0;0;0;2;0;0;0;0;0;1;1;0;1;0;2;0;0;1;1;0;0;0;0;0;0;0;0;1;0;1;1;1;0;0;0;0;0;0;0;0;0;0;0;0;0;0;0;0;0;0;0;0;0;0;0;0;0;0;0;1;0;0;0;0;0;1;0;0;0;0;0;3;0;3;0;0;3;0;0;0;0;0;0;7;0;0;0;0;0;0;0;0;0;0
58;Item 58;55638.06;38236.08;0;0;0;0;0;0;0;0;0;0;0;0;0;0;0;0;0;0;0;0;0;0;0;0;0;1;0;0;0;0;0;0;0;0;0;0;0;0;0;0;0;1;0;0;4;0;0;0;0;0;0;0;0;0;0;0;0;1;0;0;0;0;0;0;0;0;0;0;0;0;0;0;0;0;0;0;0;0;0;0;0;0;0;0;0;1;0;0;0;0;0;0;0;0;1;0;0;0;0;0;0;0;0;0;0;0;0;0;0;0;1;0;0;0;0;0;2;0;0;0;0;0;0;0;0;0;0;0;0;0;0;0;0;0;0;0;0;0;0;0;0;0;0;0;0;0;0;0;0;0;0;0;0;0;2;0;0;0;0;0;0;1;0;0;0;0;0;0;0;0;0;0;0;1
59;Item 59;55224.6;25131.51;0;0;0;10;0;0;0;0;120;0;-60;0;0;0;0;0;0;0;0;0;0;50;0;0;0;90;0;0;0;0;0;10;0;0;0;0;0;50;0;0;0;0;0;0;0;0;0;0;0;60;0;0;0;60;60;0;0;0;0;0;0;0;0;0;0;0;120;0;6;60;0;0;0;0;0;0;60;0;0;0;0;0;0;0;0;0;0;0;0;30;120;0;0;0;0;0;0;0;0;0;0;0;0;0;0;0;0;0;0;0;0;0;30;0;0;0;0;90;0;0;0;0;0;0;0;0;0;0;0;0;0;120;0;0;0;0;0;0;30;0;0;0;200;0;0;0;50;0;0;0;0;0;0;0;0;0;0;0;0;0;171;0;60;0;0;0;0;0;0;0;0;0;0;150
60;Item 60;55215.24;19528.83;0;0;7;0;0;1;0;2;0;4;2;0;0;3;0;0;2;0;0;0;0;0;0;0;0;0;0;0;0;0;0;5;0;0;0;0;0;0;3;4;0;0;0;0;0;1;2;0;10;15;2;20;0;2;0;0;0;0;0;3;4;2;6;0;0;0;1;0;0;1;1;6;0;0;0;2;1;3;-3;4;0;0;0;1;2;1;16;2;3;3;8;1;0;0;0;0;2;0;0;0;0;0;3;0;1;2;0;0;3;2;0;1;8;1;3;4;2;0;1;0;1;0;2;3;4;0;0;0;0;0;0;0;0;4;2;0;0;33;0;1;0;0;0;0;0;1;0;2;0;0;6;0;0;2;0;0;0;0;0;4;2;0;0;4;0;0;4;0;4;0;1;0;5;7
61;Item 61;53269.6;18581.99;0;0;0;0;0;560;0;0;0;0;0;0;0;0;0;0;0;0;0;0;240;0;0;0;0;0;80;0;0;0;0;0;0;0;0;0;0;240;0;0;0;280;0;0;0;0;0;320;0;0;0;0;0;280;0;0;0;0;0;0;0;0;0;0;0;0;0;0;0;0;280;0;200;0;0;520;0;0;0;0;0;0;0;0;0;0;0;0;0;0;0;0;0;0;0;0;0;0;0;0;0;0;0;0;0;0;0;0;1200;120;0;0;0;0;0;0;0;0;0;0;0;0;0;0;0;2680;0;0;400;0;0;0;0;0;0;0;0;0;0;0;0;1120;0;0;0;0;0;2840;200;0;240;0;0;0;0;0;0;-320;80;0;520;0;0;0;240;120;120;0;0;0;560;0;0;0
62;Item 62;51335.7;16280.14;12;252;144;824;0;476;100;356;0;436;-200;252;56;180;24;744;110;192;0;0;372;144;0;4;0;24;240;48;36;148;0;36;12;60;236;36;0;0;180;0;0;60;12;192;23;60;0;-38;0;48;36;0;1008;73;84;96;24;540;0;96;362;0;12;0;84;0;12;1;100;0;0;100;0;0;144;131;36;96;0;36;256;0;0;0;37;144;50;48;80;108;76;36;104;0;36;20;12;408;0;228;52;24;108;0;132;12;36;12;300;120;36;120;96;60;12;156;0;0;0;0;84;48;0;192;0;0;0;17;0;0;0;50;100;259;56;-26;60;48;179;103;5;317;124;12;32;36;122;84;0;12;0;48;100;84;106;0;0;348;20;0;98;100;700;24;12;192;96;84;132;0;0;34;48;96
63;Item 63;51153.06;23451.2;0;0;0;0;0;0;0;0;120;0;-60;0;0;0;0;0;0;0;0;0;20;20;0;0;0;65;0;0;0;0;0;0;0;0;4;0;0;50;0;0;0;0;0;0;0;0;0;0;0;60;0;0;0;60;60;0;0;0;0;0;0;0;0;0;0;0;120;0;42;60;0;0;0;0;0;0;60;0;0;0;0;0;0;0;0;0;0;0;0;25;120;0;0;0;0;0;0;0;0;0;0;0;0;0;0;0;0;0;0;0;0;0;21;0;0;0;0;120;0;0;0;0;0;0;0;0;0;0;0;0;0;60;0;0;0;0;0;0;40;0;0;0;120;0;0;0;20;0;0;0;0;0;0;0;0;0;0;0;0;0;138;0;50;0;0;0;0;0;0;0;0;20;0;150
64;Item 64;50043.24;20592.66;0;0;0;0;0;0;0;0;0;0;0;0;0;0;0;0;0;0;0;0;0;0;0;0;0;0;0;0;0;0;0;0;0;0;0;0;0;0;0;0;0;0;0;0;0;0;0;0;0;0;0;0;0;0;0;0;0;0;0;0;0;0;0;0;0;0;0;0;0;0;0;0;0;0;0;0;1;0;0;-1;0;0;0;0;0;0;0;0;0;0;0;0;0;0;0;0;0;0;0;0;0;0;0;200;0;0;0;0;0;0;0;0;0;0;0;0;0;0;0;2;0;0;0;0;12;6;0;0;3;0;0;0;40;47;0;0;0;9;45;0;4;14;0;0;0;0;0;0;8;0;0;0;0;0;0;0;29;0;0;0;0;0;0;0;0;0;0;13;0;0;0;0;0;6
65;Item 65;49030.4;15000.8;0;2;0;0;0;0;0;0;0;0;0;0;0;0;0;0;0;0;0;0;0;0;0;0;0;0;2;0;0;0;0;1;0;0;0;0;0;0;0;0;0;0;0;0;0;0;0;0;0;0;0;0;0;0;0;0;0;0;0;0;1;0;1;0;0;0;0;0;0;0;0;0;0;0;0;0;0;1;0;0;0;0;0;0;0;1;0;0;0;0;0;0;0;1;0;0;0;0;0;0;2;0;0;0;0;0;0;4;0;0;0;0;2;0;0;0;0;0;1;0;0;0;0;0;0;0;0;0;0;0;0;0;0;1;0;0;0;0;0;0;0;0;0;0;0;0;0;0;0;0;0;0;0;0;0;0;0;0;0;0;0;0;0;0;0;0;0;1;0;0;0;1;0;1
66;Item 66;48815.76;16722.47;0;0;0;0;0;0;0;0;3168;0;-1584;0;0;0;1608;0;0;0;0;0;0;3588;0;0;0;2592;0;0;0;0;0;204;0;0;0;0;0;1008;0;0;0;0;0;0;0;0;0;0;0;2004;0;0;0;1008;1584;0;0;0;0;0;0;0;0;0;0;0;3012;0;84;2004;0;0;0;0;0;0;1584;0;0;0;0;0;0;0;0;0;0;0;0;288;1008;0;0;0;0;0;0;0;0;0;0;0;0;0;0;0;0;0;0;0;0;0;0;0;0;0;0;0;0;0;0;0;0;0;0;0;0;0;0;0;0;2004;0;0;0;0;0;0;0;0;0;0;2004;0;0;0;108;0;0;0;0;0;0;0;0;0;0;0;0;0;0;0;2004;0;0;0;0;0;0;0;0;0;0;0
67;Item 67;48633.74;8915.68;0;0;190;1;999;368;0;150;100;100;200;0;0;0;0;0;0;0;250;0;0;0;100;0;500;0;850;0;0;0;0;840;0;0;100;0;0;0;0;0;0;0;0;0;0;0;560;0;0;0;80;0;0;100;180;0;0;0;0;0;0;600;0;470;100;0;0;0;0;-2;0;0;0;0;0;370;740;0;0;0;0;100;0;400;0;0;200;0;0;200;300;0;0;0;200;0;0;200;0;0;0;0;0;0;0;0;0;0;0;100;0;198;0;0;200;0;0;0;80;0;0;0;0;40;0;240;0;0;0;13;200;0;1200;0;600;200;0;0;0;0;100;0;36;0;0;0;40;132;102;74;0;0;0;0;0;0;0;0;0;0;0;0;0;0;0;0;0;0;0;0;0;0;0;0
68;Item 68;47709;19772.42;0;0;0;0;0;0;0;0;120;0;-60;0;0;0;0;0;0;0;0;0;40;0;0;0;0;90;0;0;0;0;0;0;0;0;0;0;0;50;0;0;0;0;0;0;0;0;0;0;0;120;0;0;0;60;60;0;0;0;0;0;0;0;0;0;0;0;120;0;42;120;0;0;0;0;0;0;60;0;0;0;0;0;0;0;0;0;0;0;0;70;180;0;0;0;0;0;0;0;0;0;0;0;0;0;0;0;0;0;0;0;0;0;40;0;0;0;0;120;0;0;0;0;0;0;0;0;0;0;0;0;0;120;0;0;0;0;0;0;30;0;0;0;200;0;0;0;60;0;0;0;0;0;0;0;0;0;0;0;0;0;0;0;150;0;0;0;0;0;0;0;0;60;0;150
69;Item 69;47273.5;19607.34;0;0;0;0;0;0;0;0;0;0;0;0;0;0;0;0;0;0;0;0;0;0;0;0;0;0;0;0;0;0;0;0;0;0;0;0;0;0;0;0;0;0;0;0;0;0;0;0;0;0;0;0;0;0;0;0;0;0;0;0;0;0;0;0;0;0;0;0;0;0;0;0;0;0;0;0;0;0;0;0;0;0;0;0;0;0;0;0;0;0;0;0;0;0;0;0;0;0;0;0;0;0;0;0;0;0;0;0;0;0;0;0;0;0;0;25;0;0;0;0;0;0;0;0;0;0;0;0;0;0;0;2;0;22;30;0;0;0;0;0;0;4;2;0;0;0;0;0;0;0;0;0;0;0;24;0;2;0;48;0;0;0;0;0;2;96;0;0;0;0;0;0;0;0
70;Item 70;47074.92;11858.32;0;0;0;0;0;0;0;0;0;0;0;0;0;0;0;0;0;0;0;0;0;0;0;0;0;0;0;0;0;0;0;0;0;0;0;0;0;0;0;0;0;0;0;0;0;0;0;0;0;0;0;0;0;0;0;0;0;0;0;0;0;0;0;0;0;0;0;0;0;0;0;0;0;0;0;0;0;0;0;0;0;0;0;0;0;0;0;0;0;0;0;0;0;0;0;0;0;0;0;0;0;0;0;0;0;0;60;40;0;0;0;0;0;0;0;0;0;0;0;0;0;0;0;0;0;0;0;0;0;0;0;0;0;24;0;0;0;0;0;0;50;0;0;0;0;6;90;0;0;0;276;0;50;0;10;0;0;10;0;66;0;0;16;0;0;42;0;0;0;10;0;26;110;0
71;Item 71;46869.44;21695.5;0;0;0;0;0;0;0;0;384;0;-192;0;0;0;100;0;0;0;0;0;32;144;0;0;0;392;0;0;0;0;0;0;0;0;0;0;0;252;0;0;0;0;0;0;0;0;0;0;0;200;0;0;0;100;144;0;0;0;0;0;0;0;0;0;0;0;244;0;40;200;0;0;0;0;0;0;144;0;0;0;0;0;0;0;0;0;0;0;0;20;300;0;0;0;0;0;0;0;0;0;0;0;0;0;0;0;0;0;0;0;0;0;40;0;0;0;0;200;0;0;0;0;0;0;0;0;0;0;0;0;0;360;0;0;0;0;0;0;32;0;0;0;500;0;0;0;60;0;0;0;0;0;0;0;0;0;0;0;0;0;400;0;252;0;0;0;0;0;0;0;0;40;0;452
72;Item 72;46351.66;18310.89;0;0;0;0;0;0;0;0;0;0;0;0;0;0;0;0;0;0;0;0;0;0;0;0;0;0;0;0;0;0;0;0;0;0;0;0;0;0;0;0;0;0;0;0;0;0;0;0;0;0;0;0;0;0;0;0;0;0;0;0;0;0;0;0;0;0;0;0;0;0;0;0;0;0;0;0;0;0;0;0;0;0;0;0;0;0;0;0;0;0;0;0;0;0;0;0;0;0;0;0;0;0;0;0;0;0;0;0;0;0;0;0;0;0;0;0;0;0;0;0;0;0;0;0;0;2;0;0;0;0;0;0;0;0;0;0;0;0;0;0;0;0;0;0;0;1;0;0;0;0;0;0;0;0;1;0;0;0;0;0;0;0;0;0;0;0;0;1;0;0;0;0;0;1
73;Item 73;44423.66;11091.91;2;0;0;0;0;0;0;0;0;0;0;0;0;0;0;0;1;0;0;0;2;0;0;0;0;0;0;0;0;0;0;0;0;0;1;1;0;0;0;0;0;0;0;0;0;0;0;1;0;0;0;0;0;0;0;0;0;1;0;0;0;0;0;0;0;0;0;0;0;0;0;0;0;0;0;0;1;0;0;0;0;0;0;0;0;0;0;0;0;0;1;0;0;1;0;0;1;0;0;0;0;0;1;0;0;0;0;0;0;7;0;0;0;0;0;0;1;0;0;0;0;0;0;0;0;0;0;0;0;0;0;2;4;0;4;0;0;0;0;0;0;0;0;0;0;1;0;1;0;0;0;0;0;0;0;0;0;5;1;0;4;0;0;0;0;0;0;1;0;0;0;1;0;2
74;Item 74;43400;2114.81;0;0;0;0;0;0;0;0;0;0;0;0;0;0;0;0;0;0;0;0;0;0;0;0;0;0;0;0;0;0;0;0;0;0;0;0;0;0;0;0;0;0;0;0;0;0;0;0;0;0;3;0;0;0;62;0;66;0;6;8;18;0;124;31;0;0;3;0;0;0;0;605;0;93;10;0;194;0;124;0;-186;31;0;0;0;0;1;0;0;0;0;31;31;0;0;0;0;40;0;20;10;0;0;0;62;0;0;0;16;0;0;0;0;0;0;0;0;0;0;5;0;0;0;0;4;0;0;0;0;0;2;0;0;57;5;0;0;0;0;0;0;8;0;0;0;0;0;161;10;0;0;0;0;0;0;0;31;0;3;0;0;0;0;0;714;0;0;162;0;0;0;0;0;0
75;Item 75;43350;17012.85;0;0;0;0;0;0;0;0;288;0;-144;0;0;0;0;0;0;0;0;0;42;0;0;0;0;246;0;0;0;0;0;0;0;0;0;0;0;102;0;0;0;0;0;0;0;0;0;0;0;180;0;0;0;90;144;0;0;0;0;0;0;0;0;0;0;0;234;0;21;180;0;0;0;0;0;0;144;0;0;0;0;0;0;0;0;0;0;0;0;111;270;0;0;0;0;0;0;0;0;0;0;0;0;0;0;0;0;0;0;0;0;0;60;0;0;0;0;360;0;0;0;0;0;0;0;0;0;0;0;0;0;0;0;0;0;0;0;0;120;0;0;0;201;0;0;0;126;0;0;0;0;0;0;0;0;0;0;0;0;0;306;0;150;0;0;0;0;0;0;0;0;0;0;300
76;Item 76;42958.77;15612.96;0;6;0;0;0;0;0;0;0;0;0;0;0;0;0;0;0;0;0;0;0;0;0;0;0;0;6;0;0;0;0;1;0;0;0;0;0;4;0;0;0;0;0;0;0;0;0;0;0;0;0;0;0;0;0;0;0;0;0;0;2;0;3;0;0;0;0;0;0;0;0;0;0;0;0;0;0;3;0;0;0;0;0;0;0;0;0;0;0;0;0;0;0;0;0;0;0;0;0;0;4;0;0;0;0;0;0;7;0;0;0;2;8;0;0;0;0;0;3;0;0;0;0;0;0;0;0;0;0;0;0;0;0;0;2;0;0;0;0;0;0;0;0;0;0;0;0;0;0;0;0;0;0;0;0;0;0;0;0;0;0;0;0;0;0;0;0;3;0;0;0;3;0;3
77;Item 77;41227.28;15344.02;0;0;0;0;0;0;0;0;0;0;0;0;0;0;0;0;0;0;0;0;0;0;0;0;0;0;0;0;0;0;0;0;0;0;0;0;0;0;0;0;0;0;0;0;0;0;0;0;0;0;0;0;0;0;0;0;0;0;0;0;0;0;0;0;0;0;0;0;0;0;0;0;0;0;0;0;0;0;0;0;0;0;0;0;0;0;0;0;0;0;0;0;0;0;0;0;0;0;0;0;0;0;0;0;0;0;0;0;0;0;0;0;0;0;0;0;0;0;0;0;0;0;0;0;0;0;0;0;0;0;0;0;0;0;0;0;0;0;0;0;0;2;0;0;0;0;0;0;0;0;0;0;0;0;0;0;0;0;0;0;0;0;0;0;0;0;0;1;0;0;0;0;0;1
78;Item 78;40159.2;6758.26;0;0;220;1000;0;368;0;360;100;100;200;0;0;0;0;0;0;0;250;0;0;0;110;0;500;0;600;0;0;0;0;840;0;0;378;0;0;0;10;0;0;560;0;0;0;0;0;0;0;0;320;0;0;700;180;0;0;0;0;0;0;0;0;370;700;0;0;0;0;0;0;0;0;0;0;0;0;0;400;0;0;100;0;0;0;0;500;0;0;0;200;0;200;0;400;0;0;150;830;0;0;0;0;0;0;0;0;0;0;0;0;0;0;0;400;0;0;0;100;100;0;0;0;40;0;140;0;-100;100;340;200;0;1200;0;0;200;0;0;0;0;0;0;0;0;0;40;20;440;0;358;0;0;0;0;0;0;0;0;0;0;0;0;0;0;0;0;0;0;0;0;0;0;0;0
79;Item 79;40046.4;11939.54;0;0;0;0;0;0;0;0;3840;0;-1920;0;0;0;2600;0;0;0;0;0;4500;6480;0;0;0;8920;0;0;0;0;0;0;0;0;0;0;0;1000;0;0;0;0;0;0;0;0;0;0;0;2000;0;0;0;1000;1920;0;0;0;0;0;0;0;0;0;0;0;4000;0;2580;2000;0;0;0;0;0;0;1920;0;0;0;0;5760;0;0;0;0;0;0;0;80;2000;0;0;0;0;0;0;0;0;0;0;0;0;0;0;0;0;0;0;0;0;0;0;0;0;0;0;0;0;0;0;0;0;0;0;0;0;0;0;0;0;1300;0;0;0;0;0;0;40;0;0;0;800;0;0;0;40;0;0;0;0;0;0;0;2140;0;0;0;0;0;0;0;0;0;0;0;0;0;0;0;0;40;0;0
80;Item 80;38675.32;13339.37;0;2;0;0;0;0;0;0;0;0;0;0;0;0;0;0;0;0;0;0;0;0;0;1;0;0;0;2;1;0;1;4;0;0;0;0;0;3;1;2;0;0;1;0;5;0;0;0;2;1;0;0;0;0;0;0;0;2;5;0;0;0;0;0;0;0;0;0;0;0;0;0;0;0;0;0;0;0;0;0;0;0;0;1;0;0;2;0;0;0;0;0;0;0;1;0;0;0;0;3;0;0;0;0;0;1;0;0;0;0;0;0;1;0;1;13;0;0;0;1;0;0;0;0;0;0;0;0;0;0;0;0;0;3;0;0;0;0;0;0;0;0;0;0;0;0;0;2;0;0;0;0;0;0;0;0;0;0;0;0;0;0;0;0;0;0;0;0;0;0;0;0;0;0
